nombres,departamentos, posicion
Juan,Recursos Humanos, Supervisor
María,Desarrollo, Programacion
Carlos,Marketing, Asistente
Laura,Finanzas, Asistente
Pedro,Soporte Técnico, Soporte 1
nombres,departamentos, posicion
Juan,Recursos Humanos, Supervisor
María,Desarrollo, Programacion
Carlos,Marketing, Asistente
Laura,Finanzas, Asistente
Pedro,Soporte Técnico, Soporte 1
nombres,departamentos, posicion
Juan,Recursos Humanos, Supervisor
María,Desarrollo, Programacion
Carlos,Marketing, Asistente
Laura,Finanzas, Asistente
Pedro,Soporte Técnico, Soporte 1
nombres,departamentos, posicion
Juan,Recursos Humanos, Supervisor
María,Desarrollo, Programacion
Carlos,Marketing, Asistente
Laura,Finanzas, Asistente
Pedro,Soporte Técnico, Soporte 1
nombres,departamentos, posicion
Juan,Recursos Humanos, Supervisor
María,Desarrollo, Programacion
Carlos,Marketing, Asistente
Laura,Finanzas, Asistente
Pedro,Soporte Técnico, Soporte 1
nombres,departamentos, posicion
Juan,Recursos Humanos, Supervisor
María,Desarrollo, Programacion
Carlos,Marketing, Asistente
Laura,Finanzas, Asistente
Pedro,Soporte Técnico, Soporte 1
nombres,departamentos, posicion
Juan,Recursos Humanos, Supervisor
María,Desarrollo, Programacion
Carlos,Marketing, Asistente
Laura,Finanzas, Asistente
Pedro,Soporte Técnico, Soporte 1
nombres,departamentos, posicion
Juan,Recursos Humanos, Supervisor
María,Desarrollo, Programacion
Carlos,Marketing, Asistente
Laura,Finanzas, Asistente
Pedro,Soporte Técnico, Soporte 1
nombres,departamentos, posicion
Juan,Recursos Humanos, Supervisor
María,Desarrollo, Programacion
Carlos,Marketing, Asistente
Laura,Finanzas, Asistente
Pedro,Soporte Técnico, Soporte 1
nombres,departamentos, posicion
Juan,Recursos Humanos, Supervisor
María,Desarrollo, Programacion
Carlos,Marketing, Asistente
Laura,Finanzas, Asistente
Pedro,Soporte Técnico, Soporte 1
nombres,departamentos, posicion
Juan,Recursos Humanos, Supervisor
María,Desarrollo, Programacion
Carlos,Marketing, Asistente
Laura,Finanzas, Asistente
Pedro,Soporte Técnico, Soporte 1
nombres,departamentos, posicion
Juan,Recursos Humanos, Supervisor
María,Desarrollo, Programacion
Carlos,Marketing, Asistente
Laura,Finanzas, Asistente
Pedro,Soporte Técnico, Soporte 1
nombres,departamentos, posicion
Juan,Recursos Humanos, Supervisor
María,Desarrollo, Programacion
Carlos,Marketing, Asistente
Laura,Finanzas, Asistente
Pedro,Soporte Técnico, Soporte 1
nombres,departamentos, posicion
Juan,Recursos Humanos, Supervisor
María,Desarrollo, Programacion
Carlos,Marketing, Asistente
Laura,Finanzas, Asistente
Pedro,Soporte Técnico, Soporte 1
nombres,departamentos, posicion
Juan,Recursos Humanos, Supervisor
María,Desarrollo, Programacion
Carlos,Marketing, Asistente
Laura,Finanzas, Asistente
Pedro,Soporte Técnico, Soporte 1
nombres,departamentos, posicion
Juan,Recursos Humanos, Supervisor
María,Desarrollo, Programacion
Carlos,Marketing, Asistente
Laura,Finanzas, Asistente
Pedro,Soporte Técnico, Soporte 1
nombres,departamentos, posicion
Juan,Recursos Humanos, Supervisor
María,Desarrollo, Programacion
Carlos,Marketing, Asistente
Laura,Finanzas, Asistente
Pedro,Soporte Técnico, Soporte 1
nombres,departamentos, posicion
Juan,Recursos Humanos, Supervisor
María,Desarrollo, Programacion
Carlos,Marketing, Asistente
Laura,Finanzas, Asistente
Pedro,Soporte Técnico, Soporte 1
nombres,departamentos, posicion
Juan,Recursos Humanos, Supervisor
María,Desarrollo, Programacion
Carlos,Marketing, Asistente
Laura,Finanzas, Asistente
Pedro,Soporte Técnico, Soporte 1
nombres,departamentos, posicion
Juan,Recursos Humanos, Supervisor
María,Desarrollo, Programacion
Carlos,Marketing, Asistente
Laura,Finanzas, Asistente
Pedro,Soporte Técnico, Soporte 1
nombres,departamentos, posicion
Juan,Recursos Humanos, Supervisor
María,Desarrollo, Programacion
Carlos,Marketing, Asistente
Laura,Finanzas, Asistente
Pedro,Soporte Técnico, Soporte 1
nombres,departamentos, posicion
Juan,Recursos Humanos, Supervisor
María,Desarrollo, Programacion
Carlos,Marketing, Asistente
Laura,Finanzas, Asistente
Pedro,Soporte Técnico, Soporte 1
nombres,departamentos, posicion
Juan,Recursos Humanos, Supervisor
María,Desarrollo, Programacion
Carlos,Marketing, Asistente
Laura,Finanzas, Asistente
Pedro,Soporte Técnico, Soporte 1
nombres,departamentos, posicion
Juan,Recursos Humanos, Supervisor
María,Desarrollo, Programacion
Carlos,Marketing, Asistente
Laura,Finanzas, Asistente
Pedro,Soporte Técnico, Soporte 1
nombres,departamentos, posicion
Juan,Recursos Humanos, Supervisor
María,Desarrollo, Programacion
Carlos,Marketing, Asistente
Laura,Finanzas, Asistente
Pedro,Soporte Técnico, Soporte 1
nombres,departamentos, posicion
Juan,Recursos Humanos, Supervisor
María,Desarrollo, Programacion
Carlos,Marketing, Asistente
Laura,Finanzas, Asistente
Pedro,Soporte Técnico, Soporte 1
nombres,departamentos, posicion
Juan,Recursos Humanos, Supervisor
María,Desarrollo, Programacion
Carlos,Marketing, Asistente
Laura,Finanzas, Asistente
Pedro,Soporte Técnico, Soporte 1
nombres,departamentos, posicion
Juan,Recursos Humanos, Supervisor
María,Desarrollo, Programacion
Carlos,Marketing, Asistente
Laura,Finanzas, Asistente
Pedro,Soporte Técnico, Soporte 1
nombres,departamentos, posicion
Juan,Recursos Humanos, Supervisor
María,Desarrollo, Programacion
Carlos,Marketing, Asistente
Laura,Finanzas, Asistente
Pedro,Soporte Técnico, Soporte 1
nombres,departamentos, posicion
Juan,Recursos Humanos, Supervisor
María,Desarrollo, Programacion
Carlos,Marketing, Asistente
Laura,Finanzas, Asistente
Pedro,Soporte Técnico, Soporte 1
nombres,departamentos, posicion
Juan,Recursos Humanos, Supervisor
María,Desarrollo, Programacion
Carlos,Marketing, Asistente
Laura,Finanzas, Asistente
Pedro,Soporte Técnico, Soporte 1
nombres,departamentos, posicion
Juan,Recursos Humanos, Supervisor
María,Desarrollo, Programacion
Carlos,Marketing, Asistente
Laura,Finanzas, Asistente
Pedro,Soporte Técnico, Soporte 1
nombres,departamentos, posicion
Juan,Recursos Humanos, Supervisor
María,Desarrollo, Programacion
Carlos,Marketing, Asistente
Laura,Finanzas, Asistente
Pedro,Soporte Técnico, Soporte 1
nombres,departamentos, posicion
Juan,Recursos Humanos, Supervisor
María,Desarrollo, Programacion
Carlos,Marketing, Asistente
Laura,Finanzas, Asistente
Pedro,Soporte Técnico, Soporte 1
nombres,departamentos, posicion
Juan,Recursos Humanos, Supervisor
María,Desarrollo, Programacion
Carlos,Marketing, Asistente
Laura,Finanzas, Asistente
Pedro,Soporte Técnico, Soporte 1
nombres,departamentos, posicion
Juan,Recursos Humanos, Supervisor
María,Desarrollo, Programacion
Carlos,Marketing, Asistente
Laura,Finanzas, Asistente
Pedro,Soporte Técnico, Soporte 1
nombres,departamentos, posicion
Juan,Recursos Humanos, Supervisor
María,Desarrollo, Programacion
Carlos,Marketing, Asistente
Laura,Finanzas, Asistente
Pedro,Soporte Técnico, Soporte 1
nombres,departamentos, posicion
Juan,Recursos Humanos, Supervisor
María,Desarrollo, Programacion
Carlos,Marketing, Asistente
Laura,Finanzas, Asistente
Pedro,Soporte Técnico, Soporte 1
nombres,departamentos, posicion
Juan,Recursos Humanos, Supervisor
María,Desarrollo, Programacion
Carlos,Marketing, Asistente
Laura,Finanzas, Asistente
Pedro,Soporte Técnico, Soporte 1
nombres,departamentos, posicion
Juan,Recursos Humanos, Supervisor
María,Desarrollo, Programacion
Carlos,Marketing, Asistente
Laura,Finanzas, Asistente
Pedro,Soporte Técnico, Soporte 1
nombres,departamentos, posicion
Juan,Recursos Humanos, Supervisor
María,Desarrollo, Programacion
Carlos,Marketing, Asistente
Laura,Finanzas, Asistente
Pedro,Soporte Técnico, Soporte 1
nombres,departamentos, posicion
Juan,Recursos Humanos, Supervisor
María,Desarrollo, Programacion
Carlos,Marketing, Asistente
Laura,Finanzas, Asistente
Pedro,Soporte Técnico, Soporte 1
nombres,departamentos, posicion
Juan,Recursos Humanos, Supervisor
María,Desarrollo, Programacion
Carlos,Marketing, Asistente
Laura,Finanzas, Asistente
Pedro,Soporte Técnico, Soporte 1
nombres,departamentos, posicion
Juan,Recursos Humanos, Supervisor
María,Desarrollo, Programacion
Carlos,Marketing, Asistente
Laura,Finanzas, Asistente
Pedro,Soporte Técnico, Soporte 1
nombres,departamentos, posicion
Juan,Recursos Humanos, Supervisor
María,Desarrollo, Programacion
Carlos,Marketing, Asistente
Laura,Finanzas, Asistente
Pedro,Soporte Técnico, Soporte 1
nombres,departamentos, posicion
Juan,Recursos Humanos, Supervisor
María,Desarrollo, Programacion
Carlos,Marketing, Asistente
Laura,Finanzas, Asistente
Pedro,Soporte Técnico, Soporte 1
nombres,departamentos, posicion
Juan,Recursos Humanos, Supervisor
María,Desarrollo, Programacion
Carlos,Marketing, Asistente
Laura,Finanzas, Asistente
Pedro,Soporte Técnico, Soporte 1
nombres,departamentos, posicion
Juan,Recursos Humanos, Supervisor
María,Desarrollo, Programacion
Carlos,Marketing, Asistente
Laura,Finanzas, Asistente
Pedro,Soporte Técnico, Soporte 1
nombres,departamentos, posicion
Juan,Recursos Humanos, Supervisor
María,Desarrollo, Programacion
Carlos,Marketing, Asistente
Laura,Finanzas, Asistente
Pedro,Soporte Técnico, Soporte 1
nombres,departamentos, posicion
Juan,Recursos Humanos, Supervisor
María,Desarrollo, Programacion
Carlos,Marketing, Asistente
Laura,Finanzas, Asistente
Pedro,Soporte Técnico, Soporte 1
nombres,departamentos, posicion
Juan,Recursos Humanos, Supervisor
María,Desarrollo, Programacion
Carlos,Marketing, Asistente
Laura,Finanzas, Asistente
Pedro,Soporte Técnico, Soporte 1
nombres,departamentos, posicion
Juan,Recursos Humanos, Supervisor
María,Desarrollo, Programacion
Carlos,Marketing, Asistente
Laura,Finanzas, Asistente
Pedro,Soporte Técnico, Soporte 1
nombres,departamentos, posicion
Juan,Recursos Humanos, Supervisor
María,Desarrollo, Programacion
Carlos,Marketing, Asistente
Laura,Finanzas, Asistente
Pedro,Soporte Técnico, Soporte 1
nombres,departamentos, posicion
Juan,Recursos Humanos, Supervisor
María,Desarrollo, Programacion
Carlos,Marketing, Asistente
Laura,Finanzas, Asistente
Pedro,Soporte Técnico, Soporte 1
nombres,departamentos, posicion
Juan,Recursos Humanos, Supervisor
María,Desarrollo, Programacion
Carlos,Marketing, Asistente
Laura,Finanzas, Asistente
Pedro,Soporte Técnico, Soporte 1
nombres,departamentos, posicion
Juan,Recursos Humanos, Supervisor
María,Desarrollo, Programacion
Carlos,Marketing, Asistente
Laura,Finanzas, Asistente
Pedro,Soporte Técnico, Soporte 1
nombres,departamentos, posicion
Juan,Recursos Humanos, Supervisor
María,Desarrollo, Programacion
Carlos,Marketing, Asistente
Laura,Finanzas, Asistente
Pedro,Soporte Técnico, Soporte 1
nombres,departamentos, posicion
Juan,Recursos Humanos, Supervisor
María,Desarrollo, Programacion
Carlos,Marketing, Asistente
Laura,Finanzas, Asistente
Pedro,Soporte Técnico, Soporte 1
nombres,departamentos, posicion
Juan,Recursos Humanos, Supervisor
María,Desarrollo, Programacion
Carlos,Marketing, Asistente
Laura,Finanzas, Asistente
Pedro,Soporte Técnico, Soporte 1
nombres,departamentos, posicion
Juan,Recursos Humanos, Supervisor
María,Desarrollo, Programacion
Carlos,Marketing, Asistente
Laura,Finanzas, Asistente
Pedro,Soporte Técnico, Soporte 1
